<application>
  <component name="DefaultFont">
    <option name="FONT_SIZE" value="12" />
  </component>
  <component name="EditorSettings">
    <option name="languageBreadcrumbsMap">
      <map>
        <entry key="PHP" value="true" />
      </map>
    </option>
    <option name="SOFT_WRAP_FILE_MASKS" value="*.md; *.txt; *.rst; *.adoc" />
    <option name="SHOW_BREADCRUMBS_ABOVE" value="true" />
    <option name="IS_WHEEL_FONTCHANGE_ENABLED" value="true" />
  </component>
  <component name="TodoConfiguration">
    <pattern case-sensitive="true" pattern="\b(todo|fixme)\b.*" />
    <pattern case-sensitive="true" pattern="\btodo\s+[^#\s]+" />
    <filter name="Stray Todo's">
      <pattern index="-1" />
    </filter>
  </component>
</application>