<application>
  <component name="MaterialThemeConfig">
    <option name="arrowsStyle" value="Arrows" />
    <option name="accentScrollbars" value="false" />
    <option name="isContrastMode" value="true" />
    <option name="isHighContrast" value="true" />
    <option name="isMaterialDesign" value="false" />
    <option name="isWizardShown" value="true" />
    <option name="overrideAccentColor" value="false" />
    <option name="pristineConfig" value="false" />
    <option name="useMaterialFont2" value="true" />
    <option name="settingsSelectedTab" value="3" />
    <option name="accentColor" value="ff3844" />
    <option name="selectedTheme" value="MONOKAI" />
    <option name="userId" value="33e4909:16f4af9ec3e:-8000" />
    <option name="version" value="4.11.5" />
  </component>
</application>