<application>
  <component name="AppStorage">
    <histories>
      <item value="Your account has been deleted by admin." />
      <item value="door" />
      <item value="code" />
      <item value="status" />
      <item value="Uw account is verwijderd door admin." />
      <item value="Your account has been deleted by admin" />
      <item value="You are not valid user" />
      <item value="hello" />
    </histories>
    <option name="languageScores">
      <map>
        <entry key="CHINESE" value="1" />
        <entry key="ENGLISH" value="10" />
        <entry key="FRENCH" value="1" />
        <entry key="GUJARATI" value="7" />
        <entry key="DUTCH" value="4" />
        <entry key="GALICIAN" value="4" />
        <entry key="CHICHEWA" value="1" />
        <entry key="SAMOAN" value="1" />
        <entry key="SCOTS_GAELIC" value="1" />
        <entry key="GREEK" value="1" />
      </map>
    </option>
  </component>
</application>